enzyme_name	recognition_seq_5to3	antisense_seq_5to3	prototype	commercial_sources
AanI	TTATAA	TTATAA	PsiI	B
AarI	CACCTGC	GCAGGTG		B
AatII	GACGTC	GACGTC		BINV
AbsI	CCTCGAGG	CCTCGAGG		I
AccI	GTMKAC	GTMKAC		JNQVX
AccII	CGCG	CGCG	FnuDII	J
AccIII	TCCGGA	TCCGGA	BspMII	J
Acc16I	TGCGCA	TGCGCA	MstI	IV
Acc36I	ACCTGC	GCAGGT	BspMI	I
Acc65I	GGTACC	GGTACC	KpnI	BINV
AccB1I	GGYRCC	GGYRCC	HgiCI	IV
AccB7I	CCANNNNNTGG	CCANNNNNTGG	PflMI	IV
AccBSI	CCGCTC	GAGCGG	BsrBI	IV
AciI	CCGC	GCGG		N
AclI	AACGTT	AACGTT		INV
AclWI	GGATC	GATCC	BinI	I
AcoI	YGGCCR	YGGCCR	CfrI	I
AcsI	RAATTY	RAATTY	ApoI	IV
AcuI	CTGAAG	CTTCAG	Eco57I	IN
AcvI	CACGTG	CACGTG	PmaCI	QX
AcyI	GRCGYC	GRCGYC		JV
AdeI	CACNNNGTG	CACNNNGTG	DraIII	B
AfeI	AGCGCT	AGCGCT	Eco47III	IN
AfiI	CCNNNNNNNGG	CCNNNNNNNGG	BsiYI	V
AflII	CTTAAG	CTTAAG		JN
AflIII	ACRYGT	ACRYGT		NS
AgeI	ACCGGT	ACCGGT		JNRV
AgsI	TTSAA	TTSAA		I
AhdI	GACNNNNNGTC	GACNNNNNGTC	Eam1105I	NV
AhlI	ACTAGT	ACTAGT	SpeI	IV
AjiI	CACGTC	GACGTG	BtrI	B
AjnI	CCWGG	CCWGG	EcoRII	I
AjuI	GAANNNNNNNTTGG	CCAANNNNNNNTTC		B
AleI	CACNNNNGTG	CACNNNNGTG	OliI	IN
AloI	GAACNNNNNNTCC	GGANNNNNNGTTC		B
AluI	AGCT	AGCT		BCIJNOQSVX
AluBI	AGCT	AGCT	AluI	I
AlwI	GGATC	GATCC	BinI	N
Alw21I	GWGCWC	GWGCWC	HgiAI	BV
Alw26I	GTCTC	GAGAC	BsmAI	BV
Alw44I	GTGCAC	GTGCAC	ApaLI	BJV
AlwNI	CAGNNNCTG	CAGNNNCTG		N
Ama87I	CYCGRG	CYCGRG	AvaI	IV
Aor13HI	TCCGGA	TCCGGA	BspMII	V
ApaI	GGGCCC	GGGCCC		BIJNQVX
ApaLI	GTGCAC	GTGCAC		CNV
ApeKI	GCWGC	GCWGC	TseI	N
ApoI	RAATTY	RAATTY		NV
ArsI	GACNNNNNNTTYG	CRAANNNNNNGTC		I
AscI	GGCGCGCC	GGCGCGCC		N
AseI	ATTAAT	ATTAAT	VspI	JNV
AsiGI	ACCGGT	ACCGGT	AgeI	IV
AsiSI	GCGATCGC	GCGATCGC	SgfI	IN
Asp718I	GGTACC	GGTACC	KpnI	S
AspA2I	CCTAGG	CCTAGG	AvrII	IV
AspEI	GACNNNNNGTC	GACNNNNNGTC	Eam1105I	V
AspLEI	GCGC	GCGC	HhaI	IV
AspS9I	GGNCC	GGNCC	AsuI	IV
AsuII	TTCGAA	TTCGAA		CV
AsuC2I	CCSGG	CCSGG	CauII	I
AsuHPI	GGTGA	TCACC	HphI	IV
AsuNHI	GCTAGC	GCTAGC	NheI	IV
AvaI	CYCGRG	CYCGRG		JNQVX
AvaII	GGWCC	GGWCC		JNVX
AviII	TGCGCA	TGCGCA	MstI	V
AvrII	CCTAGG	CCTAGG		NVX
AxyI	CCTNAGG	CCTNAGG	SauI	J
BaeI	ACNNNNGTAYC	GRTACNNNNGT		N
BaeGI	GKGCMC	GKGCMC	BseSI	N
BalI	TGGCCA	TGGCCA		JQVX
BamHI	GGATCC	GGATCC		BCIJNOQRSVX
BanI	GGYRCC	GGYRCC	HgiCI	NV
BanII	GRGCYC	GRGCYC	HgiJII	NVX
BarI	GAAGNNNNNNTAC	GTANNNNNNCTTC		I
BauI	CACGAG	CTCGTG	BsiI	B
BbrPI	CACGTG	CACGTG	PmaCI	V
BbsI	GAAGAC	GTCTTC	BbvII	NV
BbvI	GCAGC	GCTGC		N
Bbv12I	GWGCWC	GWGCWC	HgiAI	IV
BbvCI	CCTCAGC	GCTGAGG		N
BccI	CCATC	GATGG		N
BceAI	ACGGC	GCCGT	BcefI	N
BcgI	CGANNNNNNTGC	GCANNNNNNTCG		N
BciVI	GTATCC	GGATAC		N
BclI	TGATCA	TGATCA		BCJNORSV
BcnI	CCSGG	CCSGG	CauII	B
BcoDI	GTCTC	GAGAC	BsmAI	N
BcuI	ACTAGT	ACTAGT	SpeI	B
BfaI	CTAG	CTAG	MaeI	N
BfmI	CTRYAG	CTRYAG	SfeI	B
BfrI	CTTAAG	CTTAAG	AflII	S
BfuI	GTATCC	GGATAC	BciVI	B
BfuAI	ACCTGC	GCAGGT	BspMI	N
BglI	GCCNNNNNGGC	GCCNNNNNGGC		BCIJNOQRVX
BglII	AGATCT	AGATCT		BCIJNOQSVX
BlnI	CCTAGG	CCTAGG	AvrII	KS
BlpI	GCTNAGC	GCTNAGC	EspI	NV
BmcAI	AGTACT	AGTACT	ScaI	V
Bme18I	GGWCC	GGWCC	AvaII	IV
Bme1390I	CCNGG	CCNGG	ScrFI	B
BmeRI	GACNNNNNGTC	GACNNNNNGTC	Eam1105I	V
BmgBI	CACGTC	GACGTG	BtrI	N
BmiI	GGNNCC	GGNNCC	NlaIV	V
BmrI	ACTGGG	CCCAGT	BfiI	N
BmrFI	CCNGG	CCNGG	ScrFI	V
BmtI	GCTAGC	GCTAGC	NheI	INV
BmuI	ACTGGG	CCCAGT	BfiI	I
BmyI	GDGCHC	GDGCHC	SduI	V
BoxI	GACNNNNGTC	GACNNNNGTC	PshAI	BV
BpiI	GAAGAC	GTCTTC	BbvII	B
BplI	GAGNNNNNCTC	GAGNNNNNCTC		B
BpmI	CTGGAG	CTCCAG	GsuI	IN
Bpu10I	CCTNAGC	GCTNAGG		BINV
Bpu14I	TTCGAA	TTCGAA	AsuII	IV
Bpu1102I	GCTNAGC	GCTNAGC	EspI	B
BpuEI	CTTGAG	CTCAAG	Bce83I	N
BpuMI	CCSGG	CCSGG	CauII	V
BsaI	GGTCTC	GAGACC	Eco31I	NV
Bsa29I	ATCGAT	ATCGAT	ClaI	I
BsaAI	YACGTR	YACGTR		NV
BsaBI	GATNNNNATC	GATNNNNATC		NV
BsaHI	GRCGYC	GRCGYC	AcyI	NV
BsaJI	CCNNGG	CCNNGG	SecI	N
BsaMI	GAATGC	GCATTC	BsmI	V
BsaWI	WCCGGW	WCCGGW	BetI	N
BsaXI	ACNNNNNCTCC	GGAGNNNNNGT		N
Bsc4I	CCNNNNNNNGG	CCNNNNNNNGG	BsiYI	IV
Bse1I	ACTGG	CCAGT	BsrI	IV
Bse8I	GATNNNNATC	GATNNNNATC	BsaBI	IV
Bse21I	CCTNAGG	CCTNAGG	SauI	IV
Bse118I	RCCGGY	RCCGGY	Cfr10I	IV
BseAI	TCCGGA	TCCGGA	BspMII	C
BseBI	CCWGG	CCWGG	EcoRII	CV
BseCI	ATCGAT	ATCGAT	ClaI	C
BseDI	CCNNGG	CCNNGG	SecI	B
Bse3DI	GCAATG	CATTGC	BsrDI	IV
BseGI	GGATG	CATCC	FokI	B
BseJI	GATNNNNATC	GATNNNNATC	BsaBI	B
BseLI	CCNNNNNNNGG	CCNNNNNNNGG	BsiYI	B
BseMI	GCAATG	CATTGC	BsrDI	B
BseMII	CTCAG	CTGAG		B
BseNI	ACTGG	CCAGT	BsrI	B
BsePI	GCGCGC	GCGCGC		IV
BseRI	GAGGAG	CTCCTC		N
BseSI	GKGCMC	GKGCMC		B
BseXI	GCAGC	GCTGC	BbvI	B
BseX3I	CGGCCG	CGGCCG	XmaIII	IV
BseYI	CCCAGC	GCTGGG		N
BsgI	GTGCAG	CTGCAC		NV
Bsh1236I	CGCG	CGCG	FnuDII	B
Bsh1285I	CGRYCG	CGRYCG	McrI	B
BshFI	GGCC	GGCC	HaeIII	C
BshNI	GGYRCC	GGYRCC	HgiCI	B
BshTI	ACCGGT	ACCGGT	AgeI	B
BshVI	ATCGAT	ATCGAT	ClaI	V
BsiEI	CGRYCG	CGRYCG	McrI	NV
BsiHKAI	GWGCWC	GWGCWC	HgiAI	NV
BsiHKCI	CYCGRG	CYCGRG	AvaI	QX
BsiSI	CCGG	CCGG	HpaII	C
BsiWI	CGTACG	CGTACG	SplI	N
BslI	CCNNNNNNNGG	CCNNNNNNNGG	BsiYI	NV
BslFI	GGGAC	GTCCC	FinI	I
BsmI	GAATGC	GCATTC		JNSV
BsmAI	GTCTC	GAGAC		NV
BsmBI	CGTCTC	GAGACG	Esp3I	N
BsmFI	GGGAC	GTCCC	FinI	N
BsnI	GGCC	GGCC	HaeIII	V
Bso31I	GGTCTC	GAGACC	Eco31I	IV
BsoBI	CYCGRG	CYCGRG	AvaI	N
Bsp13I	TCCGGA	TCCGGA	BspMII	IV
Bsp19I	CCATGG	CCATGG	NcoI	IV
Bsp68I	TCGCGA	TCGCGA	NruI	B
Bsp119I	TTCGAA	TTCGAA	AsuII	B
Bsp120I	GGGCCC	GGGCCC	ApaI	B
Bsp143I	GATC	GATC	MboI	BV
Bsp1286I	GDGCHC	GDGCHC	SduI	JN
Bsp1407I	TGTACA	TGTACA		B
Bsp1720I	GCTNAGC	GCTNAGC	EspI	IV
BspACI	CCGC	GCGG	AciI	I
BspCNI	CTCAG	CTGAG	BseMII	N
BspDI	ATCGAT	ATCGAT	ClaI	N
BspEI	TCCGGA	TCCGGA	BspMII	NV
BspFNI	CGCG	CGCG	FnuDII	I
BspHI	TCATGA	TCATGA		NX
BspLI	GGNNCC	GGNNCC	NlaIV	B
BspMI	ACCTGC	GCAGGT		N
BspOI	GCTAGC	GCTAGC	NheI	B
BspPI	GGATC	GATCC	BinI	B
BspQI	GCTCTTC	GAAGAGC	SapI	KN
BspTI	CTTAAG	CTTAAG	AflII	B
BsrI	ACTGG	CCAGT		NV
BsrBI	CCGCTC	GAGCGG		NV
BsrDI	GCAATG	CATTGC		NV
BsrFI	RCCGGY	RCCGGY	Cfr10I	N
BsrGI	TGTACA	TGTACA	Bsp1407I	N
BssAI	RCCGGY	RCCGGY	Cfr10I	C
BssECI	CCNNGG	CCNNGG	SecI	I
BssHII	GCGCGC	GCGCGC	BsePI	JNQVX
BssMI	GATC	GATC	MboI	V
BssNI	GRCGYC	GRCGYC	AcyI	V
BssNAI	GTATAC	GTATAC	SnaI	IV
BssSI	CACGAG	CTCGTG	BsiI	N
BssT1I	CCWWGG	CCWWGG	StyI	IV
Bst6I	CTCTTC	GAAGAG	Ksp632I	IV
Bst98I	CTTAAG	CTTAAG	AflII	V
Bst1107I	GTATAC	GTATAC	SnaI	BV
BstACI	GRCGYC	GRCGYC	AcyI	I
BstAFI	CTTAAG	CTTAAG	AflII	I
BstAPI	GCANNNNNTGC	GCANNNNNTGC	ApaBI	IN
BstAUI	TGTACA	TGTACA	Bsp1407I	IV
BstBI	TTCGAA	TTCGAA	AsuII	N
Bst2BI	CACGAG	CTCGTG	BsiI	I
BstBAI	YACGTR	YACGTR	BsaAI	IV
Bst4CI	ACNGT	ACNGT	Tsp4CI	IV
BstC8I	GCNNGC	GCNNGC	Cac8I	I
BstDEI	CTNAG	CTNAG	DdeI	IV
BstDSI	CCRYGG	CCRYGG	DsaI	IV
BstEII	GGTNACC	GGTNACC		CJNV
BstENI	CCTNNNNNAGG	CCTNNNNNAGG	EcoNI	IV
BstF5I	GGATG	CATCC	FokI	IV
BstFNI	CGCG	CGCG	FnuDII	IV
BstH2I	RGCGCY	RGCGCY	HaeII	IV
BstHHI	GCGC	GCGC	HhaI	IV
BstKTI	GATC	GATC	MboI	I
BstMAI	GTCTC	GAGAC	BsmAI	IV
BstMBI	GATC	GATC	MboI	IV
BstMCI	CGRYCG	CGRYCG	McrI	IV
BstMWI	GCNNNNNNNGC	GCNNNNNNNGC	MwoI	I
BstNI	CCWGG	CCWGG	EcoRII	NV
BstNSI	RCATGY	RCATGY	NspI	IV
BstPAI	GACNNNNGTC	GACNNNNGTC	PshAI	IV
BstSCI	CCNGG	CCNGG	ScrFI	I
BstSFI	CTRYAG	CTRYAG	SfeI	I
BstSLI	GKGCMC	GKGCMC	BseSI	I
BstSNI	TACGTA	TACGTA	SnaBI	IV
BstUI	CGCG	CGCG	FnuDII	NV
Bst2UI	CCWGG	CCWGG	EcoRII	IV
BstV1I	GCAGC	GCTGC	BbvI	I
BstV2I	GAAGAC	GTCTTC	BbvII	IV
BstXI	CCANNNNNNTGG	CCANNNNNNTGG		BIJNQVX
BstX2I	RGATCY	RGATCY	XhoII	IV
BstYI	RGATCY	RGATCY	XhoII	N
BstZ17I	GTATAC	GTATAC	SnaI	N
BsuI	GTATCC	GGATAC	BciVI	I
Bsu15I	ATCGAT	ATCGAT	ClaI	B
Bsu36I	CCTNAGG	CCTNAGG	SauI	N
BsuRI	GGCC	GGCC	HaeIII	BIV
BtgI	CCRYGG	CCRYGG	DsaI	N
BtgZI	GCGATG	CATCGC		N
BtrI	CACGTC	GACGTG		I
BtsI	GCAGTG	CACTGC		N
BtsIMutI	CAGTG	CACTG		N
BtsCI	GGATG	CATCC	FokI	N
BtuMI	TCGCGA	TCGCGA	NruI	V
BveI	ACCTGC	GCAGGT	BspMI	B
Cac8I	GCNNGC	GCNNGC		N
CaiI	CAGNNNCTG	CAGNNNCTG	AlwNI	B
CciI	TCATGA	TCATGA	BspHI	I
CciNI	GCGGCCGC	GCGGCCGC	NotI	IV
CelII	GCTNAGC	GCTNAGC	EspI	V
CfoI	GCGC	GCGC	HhaI	S
Cfr9I	CCCGGG	CCCGGG	SmaI	B
Cfr10I	RCCGGY	RCCGGY		BV
Cfr13I	GGNCC	GGNCC	AsuI	BV
Cfr42I	CCGCGG	CCGCGG	SacII	BV
ClaI	ATCGAT	ATCGAT		NQSVX
CpoI	CGGWCCG	CGGWCCG	RsrII	B
CseI	GACGC	GCGTC	HgaI	B
Csp6I	GTAC	GTAC	RsaI	B
CspAI	ACCGGT	ACCGGT	AgeI	C
CspCI	CAANNNNNGTGG	CCACNNNNNTTG		N
CviJI	RGCY	RGCY		QX
CviKI-1	RGCY	RGCY	CviJI	N
CviQI	GTAC	GTAC	RsaI	N
DdeI	CTNAG	CTNAG		NOQSVX
DinI	GGCGCC	GGCGCC	NarI	V
DpnI	GATC	GATC		BENOQRSX
DpnII	GATC	GATC	MboI	N
DraI	TTTAAA	TTTAAA	AhaIII	BIJNQSVX
DraIII	CACNNNGTG	CACNNNGTG		INV
DrdI	GACNNNNNNGTC	GACNNNNNNGTC		N
DriI	GACNNNNNGTC	GACNNNNNGTC	Eam1105I	I
DsaI	CCRYGG	CCRYGG		V
DseDI	GACNNNNNNGTC	GACNNNNNNGTC	DrdI	IV
EaeI	YGGCCR	YGGCCR	CfrI	N
EagI	CGGCCG	CGGCCG	XmaIII	NV
Eam1104I	CTCTTC	GAAGAG	Ksp632I	B
Eam1105I	GACNNNNNGTC	GACNNNNNGTC		BV
EarI	CTCTTC	GAAGAG	Ksp632I	NV
EciI	GGCGGA	TCCGCC		N
Ecl136II	GAGCTC	GAGCTC	SacI	B
EclXI	CGGCCG	CGGCCG	XmaIII	S
Eco24I	GRGCYC	GRGCYC	HgiJII	B
Eco31I	GGTCTC	GAGACC		BV
Eco32I	GATATC	GATATC	EcoRV	B
Eco47I	GGWCC	GGWCC	AvaII	B
Eco47III	AGCGCT	AGCGCT		BS
Eco52I	CGGCCG	CGGCCG	XmaIII	B
Eco57I	CTGAAG	CTTCAG		B
Eco72I	CACGTG	CACGTG	PmaCI	B
Eco81I	CCTNAGG	CCTNAGG	SauI	B
Eco88I	CYCGRG	CYCGRG	AvaI	B
Eco91I	GGTNACC	GGTNACC	BstEII	B
Eco105I	TACGTA	TACGTA	SnaBI	B
Eco130I	CCWWGG	CCWWGG	StyI	B
Eco147I	AGGCCT	AGGCCT	StuI	B
EcoICRI	GAGCTC	GAGCTC	SacI	IV
EcoNI	CCTNNNNNAGG	CCTNNNNNAGG		NV
EcoO109I	RGGNCCY	RGGNCCY	DraII	BJN
EcoP15I	CAGCAG	CTGCTG		N
EcoRI	GAATTC	GAATTC		BCIJNOQRSVX
EcoRII	CCWGG	CCWGG		BJV
EcoRV	GATATC	GATATC		CIJNOQRSVX
EcoT38I	GRGCYC	GRGCYC	HgiJII	J
Eco53kI	GAGCTC	GAGCTC	SacI	N
EgeI	GGCGCC	GGCGCC	NarI	IV
EheI	GGCGCC	GGCGCC	NarI	B
ErhI	CCWWGG	CCWWGG	StyI	I
Esp3I	CGTCTC	GAGACG		BN
FaeI	CATG	CATG	NlaIII	I
FaiI	YATR	YATR		I
FalI	AAGNNNNNCTT	AAGNNNNNCTT		I
FaqI	GGGAC	GTCCC	FinI	B
FatI	CATG	CATG	NlaIII	IN
FauI	CCCGC	GCGGG		IN
FauNDI	CATATG	CATATG	NdeI	IV
FblI	GTMKAC	GTMKAC	AccI	I
Fnu4HI	GCNGC	GCNGC		N
FokI	GGATG	CATCC		IJNVX
FriOI	GRGCYC	GRGCYC	HgiJII	IV
FseI	GGCCGGCC	GGCCGGCC		N
FspI	TGCGCA	TGCGCA	MstI	JNV
FspAI	RTGCGCAY	RTGCGCAY		B
FspBI	CTAG	CTAG	MaeI	B
Fsp4HI	GCNGC	GCNGC	Fnu4HI	I
GsaI	CCCAGC	GCTGGG	BseYI	I
GsuI	CTGGAG	CTCCAG		B
HaeII	RGCGCY	RGCGCY		JNV
HaeIII	GGCC	GGCC		IJNOQRSVX
HgaI	GACGC	GCGTC		IN
HhaI	GCGC	GCGC		BJNQVX
Hin1I	GRCGYC	GRCGYC	AcyI	BV
Hin1II	CATG	CATG	NlaIII	B
Hin6I	GCGC	GCGC	HhaI	B
HinP1I	GCGC	GCGC	HhaI	N
HincII	GTYRAC	GTYRAC	HindII	BJNOQVX
HindII	GTYRAC	GTYRAC		IOSV
HindIII	AAGCTT	AAGCTT		BCIJNQRSVX
HinfI	GANTC	GANTC		BCIJNOQRVX
HpaI	GTTAAC	GTTAAC		CIJNQSVX
HpaII	CCGG	CCGG		BINQVX
HphI	GGTGA	TCACC		BNV
Hpy8I	GTNNAC	GTNNAC	MjaIV	B
Hpy99I	CGWCG	CGWCG		N
Hpy166II	GTNNAC	GTNNAC	MjaIV	N
Hpy188I	TCNGA	TCNGA		N
Hpy188III	TCNNGA	TCNNGA	Hpy178III	N
HpyAV	CCTTC	GAAGG	Hin4II	N
HpyCH4III	ACNGT	ACNGT	Tsp4CI	N
HpyCH4IV	ACGT	ACGT	MaeII	N
HpyCH4V	TGCA	TGCA	CviRI	N
HpyF3I	CTNAG	CTNAG	DdeI	B
HpyF10VI	GCNNNNNNNGC	GCNNNNNNNGC	MwoI	B
HpySE526I	ACGT	ACGT	MaeII	I
HspAI	GCGC	GCGC	HhaI	IV
KasI	GGCGCC	GGCGCC	NarI	N
KpnI	GGTACC	GGTACC		BCIJNOQRSVX
Kpn2I	TCCGGA	TCCGGA	BspMII	B
KroNI	GCCGGC	GCCGGC	NaeI	I
KspI	CCGCGG	CCGCGG	SacII	S
Ksp22I	TGATCA	TGATCA	BclI	IV
KspAI	GTTAAC	GTTAAC	HpaI	BV
Kzo9I	GATC	GATC	MboI	IV
LguI	GCTCTTC	GAAGAGC	SapI	B
LmnI	GCTCC	GGAGC		I
Lsp1109I	GCAGC	GCTGC	BbvI	B
LweI	GCATC	GATGC	SfaNI	B
MabI	ACCWGGT	ACCWGGT	SexAI	I
MaeIII	GTNAC	GTNAC		S
MalI	GATC	GATC	DpnI	I
MamI	GATNNNNATC	GATNNNNATC	BsaBI	V
MauBI	CGCGCGCG	CGCGCGCG		B
MbiI	CCGCTC	GAGCGG	BsrBI	BV
MboI	GATC	GATC		BCNQVX
MboII	GAAGA	TCTTC		BIJNQVX
MfeI	CAATTG	CAATTG		IN
MhlI	GDGCHC	GDGCHC	SduI	IV
MlsI	TGGCCA	TGGCCA	BalI	BV
MluI	ACGCGT	ACGCGT		BIJNOQRSVX
MluCI	AATT	AATT	TspEI	N
MlyI	GAGTC	GACTC	PleI	N
Mly113I	GGCGCC	GGCGCC	NarI	I
MmeI	TCCRAC	GTYGGA		N
MnlI	CCTC	GAGG		BINQVX
Mox20I	TGGCCA	TGGCCA	BalI	I
Mph1103I	ATGCAT	ATGCAT	AvaIII	B
MreI	CGCCGGCG	CGCCGGCG	Sse232I	B
MroI	TCCGGA	TCCGGA	BspMII	OV
MroNI	GCCGGC	GCCGGC	NaeI	IV
MroXI	GAANNNNTTC	GAANNNNTTC	XmnI	IV
MscI	TGGCCA	TGGCCA	BalI	NO
MseI	TTAA	TTAA		NV
MslI	CAYNNNNRTG	CAYNNNNRTG		N
MspI	CCGG	CCGG	HpaII	BIJNQVX
Msp20I	TGGCCA	TGGCCA	BalI	V
MspA1I	CMGCKG	CMGCKG	NspBII	INV
MspCI	CTTAAG	CTTAAG	AflII	C
MspJI	CNNR	YNNG		N
MspR9I	CCNGG	CCNGG	ScrFI	I
MssI	GTTTAAAC	GTTTAAAC	PmeI	B
MteI	GCGCNGCGC	GCGCNGCGC		I
MunI	CAATTG	CAATTG	MfeI	BS
MvaI	CCWGG	CCWGG	EcoRII	B
Mva1269I	GAATGC	GCATTC	BsmI	B
MwoI	GCNNNNNNNGC	GCNNNNNNNGC		N
NaeI	GCCGGC	GCCGGC		CNV
NarI	GGCGCC	GGCGCC		JNQVX
NciI	CCSGG	CCSGG	CauII	JNV
NcoI	CCATGG	CCATGG		BCJNOQRSVX
NdeI	CATATG	CATATG		BJNQRSVX
NdeII	GATC	GATC	MboI	J
NgoMIV	GCCGGC	GCCGGC	NaeI	N
NheI	GCTAGC	GCTAGC		BCJNOQRSVX
NlaIII	CATG	CATG		N
NlaIV	GGNNCC	GGNNCC		NV
NmeAIII	GCCGAG	CTCGGC		N
NmuCI	GTSAC	GTSAC	Tsp45I	B
NotI	GCGGCCGC	GCGGCCGC		BCJNOQRSVX
NruI	TCGCGA	TCGCGA		CIJNQSVX
NsbI	TGCGCA	TGCGCA	MstI	B
NsiI	ATGCAT	ATGCAT	AvaIII	JNQSVX
NspI	RCATGY	RCATGY		NV
NspV	TTCGAA	TTCGAA	AsuII	J
OliI	CACNNNNGTG	CACNNNNGTG		B
PacI	TTAATTAA	TTAATTAA		BN
PaeI	GCATGC	GCATGC	SphI	B
PaeR7I	CTCGAG	CTCGAG	XhoI	NV
PagI	TCATGA	TCATGA	BspHI	B
PalAI	GGCGCGCC	GGCGCGCC	AscI	I
PaqCI	CACCTGC	GCAGGTG	AarI	N
PasI	CCCWGGG	CCCWGGG		B
PauI	GCGCGC	GCGCGC	BsePI	B
PceI	AGGCCT	AGGCCT	StuI	V
PciI	ACATGT	ACATGT	BspLU11I	IN
PciSI	GCTCTTC	GAAGAGC	SapI	I
PcsI	WCGNNNNNNNCGW	WCGNNNNNNNCGW		I
PctI	GAATGC	GCATTC	BsmI	I
PdiI	GCCGGC	GCCGGC	NaeI	B
PdmI	GAANNNNTTC	GAANNNNTTC	XmnI	B
PecI	TTATAA	TTATAA	PsiI	I
PfeI	GAWTC	GAWTC	TfiI	B
Pfl23II	CGTACG	CGTACG	SplI	B
PflFI	GACNNNGTC	GACNNNGTC	Tth111I	NV
PflMI	CCANNNNNTGG	CCANNNNNTGG		NV
PfoI	TCCNGGA	TCCNGGA		B
PinAI	ACCGGT	ACCGGT	AgeI	QVX
PkrI	GCNGC	GCNGC	BisI	I
PleI	GAGTC	GACTC		N
Ple19I	CGATCG	CGATCG	PvuI	I
PluTI	GGCGCC	GGCGCC	NarI	N
PmeI	GTTTAAAC	GTTTAAAC		N
PmlI	CACGTG	CACGTG	PmaCI	NV
PpsI	GAGTC	GACTC	PleI	I
Ppu21I	YACGTR	YACGTR	BsaAI	B
PpuMI	RGGWCCY	RGGWCCY		N
PscI	ACATGT	ACATGT	BspLU11I	B
Pse31I	GGTCTC	GAGACC	Eco31I	I
PshAI	GACNNNNGTC	GACNNNNGTC		NV
PsiI	TTATAA	TTATAA		IN
Psp5II	RGGWCCY	RGGWCCY	PpuMI	B
Psp6I	CCWGG	CCWGG	EcoRII	I
Psp1406I	AACGTT	AACGTT	AclI	B
Psp124BI	GAGCTC	GAGCTC	SacI	IV
PspCI	CACGTG	CACGTG	PmaCI	IV
PspEI	GGTNACC	GGTNACC	BstEII	IV
PspGI	CCWGG	CCWGG	EcoRII	N
PspLI	CGTACG	CGTACG	SplI	I
PspN4I	GGNNCC	GGNNCC	NlaIV	I
PspOMI	GGGCCC	GGGCCC	ApaI	INV
PspPI	GGNCC	GGNCC	AsuI	C
PspPPI	RGGWCCY	RGGWCCY	PpuMI	I
PspXI	VCTCGAGB	VCTCGAGB		IN
PsrI	GAACNNNNNNTAC	GTANNNNNNGTTC		I
PstI	CTGCAG	CTGCAG		BCIJNOQRSVX
PstNI	CAGNNNCTG	CAGNNNCTG	AlwNI	I
PsuI	RGATCY	RGATCY	XhoII	B
PsyI	GACNNNGTC	GACNNNGTC	Tth111I	B
PvuI	CGATCG	CGATCG		BNOQRSX
PvuII	CAGCTG	CAGCTG		BCIJNOQSVX
RgaI	GCGATCGC	GCGATCGC	SgfI	I
RigI	GGCCGGCC	GGCCGGCC	FseI	I
RsaI	GTAC	GTAC		BCIJNQRVX
RsaNI	GTAC	GTAC	RsaI	I
RseI	CAYNNNNRTG	CAYNNNNRTG	MslI	B
RsrII	CGGWCCG	CGGWCCG		NQX
Rsr2I	CGGWCCG	CGGWCCG	RsrII	IV
SacI	GAGCTC	GAGCTC		BJNOQRSVX
SacII	CCGCGG	CCGCGG		JNOQVX
SalI	GTCGAC	GTCGAC		BCIJNOQRVX
SapI	GCTCTTC	GAAGAGC		N
SatI	GCNGC	GCNGC	Fnu4HI	B
Sau96I	GGNCC	GGNCC	AsuI	JNV
Sau3AI	GATC	GATC	MboI	CJNVX
SbfI	CCTGCAGG	CCTGCAGG	Sse8387I	INV
ScaI	AGTACT	AGTACT		BCJNOQVX
SchI	GAGTC	GACTC	PleI	B
ScrFI	CCNGG	CCNGG		JNVX
SdaI	CCTGCAGG	CCTGCAGG	Sse8387I	BV
SduI	GDGCHC	GDGCHC		B
SetI	ASST	ASST		I
SexAI	ACCWGGT	ACCWGGT		N
SfaAI	GCGATCGC	GCGATCGC	SgfI	B
SfaNI	GCATC	GATGC		INV
SfcI	CTRYAG	CTRYAG	SfeI	N
SfiI	GGCCNNNNNGGCC	GGCCNNNNNGGCC		BCIJNOQVX
SfoI	GGCGCC	GGCGCC	NarI	NV
Sfr274I	CTCGAG	CTCGAG	XhoI	IV
Sfr303I	CCGCGG	CCGCGG	SacII	IV
SfuI	TTCGAA	TTCGAA	AsuII	SV
SgeI	CNNGNNNNNNNNN	NNNNNNNNNCNNG		B
SgfI	GCGATCGC	GCGATCGC		R
SgrAI	CRCCGGYG	CRCCGGYG		N
SgrBI	CCGCGG	CCGCGG	SacII	C
SgrDI	CGTCGACG	CGTCGACG		B
SgsI	GGCGCGCC	GGCGCGCC	AscI	B
SlaI	CTCGAG	CTCGAG	XhoI	C
SmaI	CCCGGG	CCCGGG		BCIJNOQRSVX
SmiI	ATTTAAAT	ATTTAAAT	SwaI	BIV
SmiMI	CAYNNNNRTG	CAYNNNNRTG	MslI	IV
SmlI	CTYRAG	CTYRAG		N
SmoI	CTYRAG	CTYRAG	SmlI	B
SnaBI	TACGTA	TACGTA		CN
SpeI	ACTAGT	ACTAGT		JNOQRSVX
SphI	GCATGC	GCATGC		CIJNOQVX
SrfI	GCCCGGGC	GCCCGGGC		N
Sse9I	AATT	AATT	TspEI	IV
SseBI	AGGCCT	AGGCCT	StuI	C
SsiI	CCGC	GCGG	AciI	B
SspI	AATATT	AATATT		BCIJNQVX
SspDI	GGCGCC	GGCGCC	NarI	B
SspMI	CTAG	CTAG	MaeI	I
SstI	GAGCTC	GAGCTC	SacI	C
StuI	AGGCCT	AGGCCT		JNQX
StyI	CCWWGG	CCWWGG		CJN
StyD4I	CCNGG	CCNGG	ScrFI	N
SwaI	ATTTAAAT	ATTTAAAT		JNS
TaaI	ACNGT	ACNGT	Tsp4CI	B
TaiI	ACGT	ACGT	MaeII	B
TaqI	TCGA	TCGA		BCIJNQRVX
TaqII	GACCGA	TCGGTC		QX
TasI	AATT	AATT	TspEI	BV
TatI	WGTACW	WGTACW		B
TauI	GCSGC	GCSGC		B
TfiI	GAWTC	GAWTC		N
Tru1I	TTAA	TTAA	MseI	B
Tru9I	TTAA	TTAA	MseI	IV
TscAI	CASTGNN	NNCASTG	TspRI	B
TseI	GCWGC	GCWGC		N
TseFI	GTSAC	GTSAC	Tsp45I	I
Tsp45I	GTSAC	GTSAC		N
TspDTI	ATGAA	TTCAT		QX
TspGWI	ACGGA	TCCGT		QX
TspMI	CCCGGG	CCCGGG	SmaI	N
TspRI	CASTGNN	NNCASTG		N
Tth111I	GACNNNGTC	GACNNNGTC		INQVX
Van91I	CCANNNNNTGG	CCANNNNNTGG	PflMI	BV
Vha464I	CTTAAG	CTTAAG	AflII	V
VneI	GTGCAC	GTGCAC	ApaLI	IV
VspI	ATTAAT	ATTAAT		BIV
XagI	CCTNNNNNAGG	CCTNNNNNAGG	EcoNI	BV
XapI	RAATTY	RAATTY	ApoI	BV
XbaI	TCTAGA	TCTAGA		BCIJMNQRSVX
XceI	RCATGY	RCATGY	NspI	BV
XcmI	CCANNNNNNNNNTGG	CCANNNNNNNNNTGG		N
XhoI	CTCGAG	CTCGAG		BJNQRVX
XhoII	RGATCY	RGATCY		V
XmaI	CCCGGG	CCCGGG	SmaI	INV
XmaCI	CCCGGG	CCCGGG	SmaI	V
XmaJI	CCTAGG	CCTAGG	AvrII	BV
XmiI	GTMKAC	GTMKAC	AccI	BV
XmnI	GAANNNNTTC	GAANNNNTTC		NV
ZraI	GACGTC	GACGTC	AatII	INV
ZrmI	AGTACT	AGTACT	ScaI	IV
Zsp2I	ATGCAT	ATGCAT	AvaIII	IV
